name,artist,mood_tags,texture_tags,negative_tags,energy,brightness,density,warmth,rhythmic_motion,vocal_presence,emotional_weight,language,has_vocal,genre_family,scene_fit,sequence_shape,label_confidence,reason
I've Got No Strings,The Tierney Sutton Band,restrained;clear;bittersweet,acoustic;jazz_brush;vocal_breath,,0.4,0.55,0.4,0.5,0.35,0.7,0.5,en,1,jazz,"""{""""evening_city_walk"""":0.75,""""work_focus_low_vocal"""":0.7,""""afternoon_warm_idle"""":0.65}""",slow_opening,0.85,爵士演绎，轻快的人声与细腻的鼓刷营造出克制而清晰的怀旧感
未接來電,楊乃文,melancholic;restrained;bittersweet,piano;string;vocal_breath;reverb_heavy,,0.35,0.3,0.4,0.45,0.25,0.7,0.75,zh,1,mandopop,"""{""""evening_city_walk"""":0.8,""""night_clear_lonely"""":0.85,""""deep_night_introspective"""":0.75}""",slow_opening,0.85,楊乃文冷冽而克制的人声搭配钢琴与弦乐，营造出略带苦涩的怀旧与孤独感
WILD (Young Bombs Remix),Alessia Cara,restless;urban;hopeful,soft_synth;electric_distant;vocal_breath,,0.65,0.55,0.6,0.5,0.7,0.75,0.5,en,1,electropop,"""{""""evening_city_walk"""":0.8,""""user_requested_explore"""":0.75,""""work_focus_low_vocal"""":0.6}""",city_to_inner_room,0.85,Alessia Cara 的人声充满都市不安与希望，Young Bombs 的混音加入软合成器和律动感，适合夜晚城市漫步
盛夏的果实 (Live),汪睿,nostalgic;warm;bittersweet,acoustic;vocal_breath;string,,0.4,0.5,0.4,0.6,0.35,0.7,0.65,zh,1,mandopop,"""{""""evening_city_walk"""":0.8,""""weekend_slow"""":0.7,""""night_rain_humid"""":0.75}""",slow_opening,0.85,现场版温暖人声与木吉他，怀旧中带一丝苦涩，适合安静聆听
Slipping Through the Cracks,Josephine Wiggs,melancholic;lonely;restrained,piano;reverb_heavy;minimal;vocal_breath,,0.2,0.3,0.25,0.35,0.15,0.4,0.8,en,1,art_pop,"""{""""deep_night_introspective"""":0.85,""""night_rain_humid"""":0.8,""""work_focus_low_vocal"""":0.75}""",fade_into_inner_space,0.85,稀疏钢琴与深远混响，脆弱人声透出孤独与克制，情感沉重但能量极低
"""Good Luck, Babe! (Acoustic)""",MADILYN,bittersweet;nostalgic;hopeful,acoustic;vocal_breath;piano,,0.35,0.5,0.4,0.6,0.3,0.7,0.65,en,1,acoustic_pop,"""{""""morning_clear_light"""":0.75,""""evening_city_walk"""":0.7,""""weekend_slow"""":0.7}""",slow_opening,0.85,不插电版本以木吉他和钢琴为主，人声突出，温暖中带着淡淡的怀旧与希望
Bowman,Silk Road Assassins,restless;urban;unresolved,cold_synth;electric_distant;reverb_heavy;grainy,,0.6,0.4,0.7,0.3,0.65,0,0.6,instrumental,0,electronic,"""{""""evening_city_walk"""":0.8,""""deep_night_introspective"""":0.75,""""night_clear_lonely"""":0.7}""",city_to_inner_room,0.85,冷调合成器与颗粒感纹理营造出都市夜晚的不安与疏离感
Atmosphere,Joy Division,melancholic;lonely;restrained,cold_synth;reverb_heavy;electric_distant,,0.25,0.2,0.4,0.2,0.2,0.6,0.85,en,1,post_punk,"""{""""deep_night_introspective"""":0.9,""""night_rain_humid"""":0.85,""""night_clear_lonely"""":0.8}""",fade_into_inner_space,0.9,冰冷合成器与深远混响，Ian Curtis 低沉人声营造出极度孤独与压抑的氛围
Step and a step,NiziU,hopeful;warm;clear,soft_synth;vocal_breath;acoustic,,0.6,0.65,0.5,0.6,0.55,0.75,0.5,ja,1,j_pop,"""{""""morning_clear_light"""":0.8,""""weekend_slow"""":0.7,""""evening_city_walk"""":0.65}""",soft_focus_work,0.85,NiziU 的明亮流行曲风，温暖人声与轻快节奏传递希望与清晰感
Point Reflex Blue,Croatian Amor,dreamy;misty;detached,ambient_pad;cold_synth;reverb_heavy;minimal,,0.2,0.3,0.25,0.3,0.1,0,0.6,instrumental,0,ambient,"""{""""deep_night_introspective"""":0.85,""""night_clear_lonely"""":0.8,""""work_focus_low_vocal"""":0.75}""",fade_into_inner_space,0.85,冷调合成器与深远混响营造出梦幻而疏离的氛围，极简结构适合内省场景
Social Cues,Cage The Elephant,restless;urban;bittersweet,electric_distant;reverb_heavy;soft_synth,,0.6,0.45,0.55,0.4,0.55,0.7,0.65,en,1,indie_rock,"""{""""evening_city_walk"""":0.8,""""deep_night_introspective"""":0.75,""""work_focus_low_vocal"""":0.65}""",city_to_inner_room,0.85,电吉他失真与混响营造都市不安感，主唱声线带着苦涩的反思
The Edge of Infinity - Early Version,All India Radio,introspective;dreamy;restrained,ambient_pad;soft_synth;minimal;reverb_heavy,,0.2,0.3,0.25,0.4,0.15,0,0.7,instrumental,0,ambient,"""{""""work_focus_low_vocal"""":0.85,""""deep_night_introspective"""":0.8,""""night_rain_humid"""":0.75}""",fade_into_inner_space,0.9,早期版本以氛围合成器铺底和深远混响为主，极简而内省，能量低但情感重量适中
80/20,Chloe x Halle,urban;restless;bittersweet,soft_synth;vocal_breath;electric_distant,,0.6,0.55,0.55,0.5,0.6,0.75,0.6,en,1,r&b,"""{""""evening_city_walk"""":0.8,""""deep_night_introspective"""":0.75,""""user_requested_explore"""":0.7}""",city_to_inner_room,0.85,都市R&B节奏，合成器与人声交织出不安与怀旧的矛盾情绪
Fireflies,Son Lux,restless;unresolved;melancholic,piano;reverb_heavy;electric_distant;cinematic,,0.4,0.35,0.55,0.3,0.5,0,0.75,instrumental,0,modern_classical,"""{""""deep_night_introspective"""":0.85,""""night_rain_humid"""":0.8,""""work_focus_low_vocal"""":0.75}""",fade_into_inner_space,0.85,不安的钢琴与深远混响，充满悬而未决的张力与内省感
In Dance,Favours!偏袒乐队,urban;restless;hopeful,soft_synth;electric_distant;reverb_heavy,,0.6,0.55,0.55,0.45,0.65,0.6,0.5,en,1,synthpop,"""{""""evening_city_walk"""":0.85,""""deep_night_introspective"""":0.75,""""user_requested_explore"""":0.7}""",city_to_inner_room,0.85,合成器驱动的都市感节奏，人声带有距离感，整体明亮而略带不安
Ventura,Marini,dreamy;warm;nostalgic,soft_synth;ambient_pad;reverb_heavy,,0.3,0.45,0.35,0.6,0.25,0,0.5,instrumental,0,ambient,"""{""""work_focus_low_vocal"""":0.85,""""morning_cloudy_slow"""":0.8,""""evening_city_walk"""":0.75}""",soft_focus_work,0.85,温暖的氛围合成器与深远混响，营造梦幻而怀旧的声景
等 (Live),张学友,melancholic;nostalgic;restrained,piano;string;vocal_breath;cinematic,,0.35,0.4,0.45,0.55,0.3,0.75,0.8,zh,1,mandopop,"""{""""evening_city_walk"""":0.8,""""deep_night_introspective"""":0.85,""""night_rain_humid"""":0.75}""",slow_opening,0.9,张学友现场版深情演绎，钢琴与弦乐铺垫，怀旧而克制的伤感
Tumanako,Chantal Acda,dreamy;misty;introspective,ambient_pad;vocal_breath;reverb_heavy;minimal,,0.25,0.35,0.3,0.5,0.2,0.6,0.7,en,1,ambient_folk,"""{""""morning_cloudy_slow"""":0.85,""""deep_night_introspective"""":0.8,""""night_rain_humid"""":0.75}""",fade_into_inner_space,0.85,空灵的人声与氛围铺底交织，营造出朦胧、内省的梦幻感
Winter Without You,XG,melancholic;lonely;bittersweet,soft_synth;vocal_breath;reverb_heavy;cold_synth,,0.35,0.3,0.45,0.25,0.3,0.7,0.75,en,1,pop,"""{""""deep_night_introspective"""":0.85,""""night_rain_humid"""":0.8,""""night_clear_lonely"""":0.75}""",late_night_descent,0.85,XG 冷感合成器与空灵人声交织，营造出冬日失恋的孤独与苦涩氛围
月光,鬼束ちひろ,melancholic;bittersweet;restrained,piano;string;vocal_breath;reverb_heavy,,0.3,0.35,0.4,0.4,0.25,0.7,0.75,ja,1,j_pop,"""{""""deep_night_introspective"""":0.85,""""night_rain_humid"""":0.8,""""evening_city_walk"""":0.7}""",fade_into_inner_space,0.9,钢琴与弦乐交织，鬼束千寻的脆弱声线带来忧郁而克制的怀旧感
Light and Dark - Lee Coombs Club Remix,Lee Coombs,restless;urban;unresolved,cold_synth;electric_distant;reverb_heavy,,0.7,0.4,0.7,0.3,0.8,0,0.5,instrumental,0,electronic,"""{""""evening_city_walk"""":0.7,""""deep_night_introspective"""":0.6,""""night_clear_lonely"""":0.55}""",city_to_inner_room,0.8,俱乐部混音版，冷合成器与深远混响营造出都市夜晚的不安与律动
Moonlight Rider,Katarina Pejak,warm;nostalgic;hopeful,acoustic;jazz_brush;vocal_breath,,0.4,0.55,0.4,0.65,0.35,0.6,0.5,en,1,jazz,"""{""""evening_city_walk"""":0.8,""""afternoon_warm_idle"""":0.75,""""weekend_slow"""":0.7}""",soft_focus_work,0.85,温暖的爵士风格，木吉他与人声交织，怀旧而充满希望
爱过,F.I.R.,nostalgic;bittersweet;melancholic,piano;string;vocal_breath,,0.45,0.5,0.5,0.55,0.4,0.7,0.65,zh,1,mandopop,"""{""""evening_city_walk"""":0.8,""""night_clear_lonely"""":0.75,""""weekend_slow"""":0.7}""",slow_opening,0.85,F.I.R.的抒情摇滚，钢琴与弦乐铺底，主唱声线带怀旧与伤感，能量中等偏弱
Dying Cosily,Art Of Empathy,melancholic;introspective;restrained,piano;ambient_pad;reverb_heavy;minimal,,0.2,0.25,0.2,0.3,0.1,0,0.8,instrumental,0,modern_classical,"""{""""deep_night_introspective"""":0.85,""""night_rain_humid"""":0.8,""""work_focus_low_vocal"""":0.75}""",fade_into_inner_space,0.9,极简钢琴与氛围垫音交织，缓慢而克制，充满内省与忧郁的静谧感
Sleepwalker,Of Monsters and Men,dreamy;melancholic;restless,acoustic;vocal_breath;reverb_heavy;cinematic,,0.4,0.35,0.5,0.45,0.3,0.6,0.7,en,1,indie_folk,"""{""""evening_city_walk"""":0.8,""""deep_night_introspective"""":0.85,""""night_clear_lonely"""":0.75}""",fade_into_inner_space,0.85,空灵的人声与回响吉他营造出梦幻而略带忧郁的失眠夜氛围
Time To Myself,Seeker Lover Keeper,introspective;warm;nostalgic,piano;acoustic;vocal_breath;string,,0.35,0.5,0.4,0.6,0.3,0.6,0.65,en,1,indie_folk,"""{""""morning_cloudy_slow"""":0.8,""""afternoon_warm_idle"""":0.75,""""weekend_slow"""":0.7}""",soft_focus_work,0.85,温暖的人声与钢琴、弦乐交织，营造出内省而怀旧的私密氛围
來,袁婭維,warm;hopeful;bittersweet,acoustic;vocal_breath;string;soft_synth,,0.45,0.55,0.5,0.65,0.4,0.75,0.6,zh,1,mandopop,"""{""""evening_city_walk"""":0.8,""""morning_clear_light"""":0.7,""""weekend_slow"""":0.75}""",slow_opening,0.85,袁婭維溫暖的聲線搭配木吉他與弦樂，營造出懷舊中帶有希望的抒情氛圍
Goldfinger,Chris Minh Doky,warm;clear;restrained,acoustic;jazz_brush;string;minimal,,0.35,0.6,0.4,0.7,0.3,0,0.45,instrumental,0,jazz,"""{""""work_focus_low_vocal"""":0.85,""""morning_clear_light"""":0.75,""""afternoon_warm_idle"""":0.8}""",soft_focus_work,0.85,温暖的爵士吉他搭配弦乐和刷鼓，明亮而克制，适合专注或闲适场景
Save Your Tears (Remix),The Weeknd / Ariana Grande,urban;bittersweet;hopeful,soft_synth;cold_synth;vocal_breath;electric_distant,generic_radio_pop,0.6,0.5,0.55,0.4,0.6,0.8,0.55,en,1,synthpop,"""{""""evening_city_walk"""":0.55,""""deep_night_introspective"""":0.5,""""user_requested_explore"""":0.5}""",city_to_inner_room,0.85,合成器驱动的都市流行，The Weeknd 与 Ariana Grande 的声线交织，带有怀旧与希望，但商业感较强
Music to Watch Boys To,Lana Del Rey,dreamy;sensual;nostalgic,soft_synth;vocal_breath;reverb_heavy;electric_distant,,0.4,0.45,0.5,0.55,0.35,0.75,0.6,en,1,dream_pop,"""{""""evening_city_walk"""":0.85,""""deep_night_introspective"""":0.8,""""afternoon_warm_idle"""":0.7}""",city_to_inner_room,0.9,Lana Del Rey 慵懒梦幻的声线搭配软合成器与深远混响，营造出怀旧而性感的氛围
運命と恋心,和田薫,melancholic;restrained;bittersweet,string;piano;cinematic;minimal,,0.25,0.35,0.4,0.3,0.2,0,0.8,instrumental,0,classical,"""{""""deep_night_introspective"""":0.85,""""night_rain_humid"""":0.8,""""work_focus_low_vocal"""":0.75}""",afterglow_fading,0.85,弦乐与钢琴交织的古典配乐，克制而悲怆，充满命运感的沉重与哀愁
给你看 (Live),汪睿,introspective;restrained;bittersweet,acoustic;vocal_breath;minimal,,0.35,0.4,0.35,0.5,0.3,0.7,0.7,zh,1,mandopop,"""{""""deep_night_introspective"""":0.8,""""night_rain_humid"""":0.75,""""work_focus_low_vocal"""":0.7}""",slow_opening,0.85,现场版木吉他伴奏，人声真挚而克制，带有内省与苦涩的抒情质感
La Mariposa,Bruno Sanfilippo,introspective;melancholic;restrained,piano;minimal;ambient_pad,,0.15,0.25,0.2,0.35,0.1,0,0.8,instrumental,0,modern_classical,"""{""""work_focus_low_vocal"""":0.9,""""deep_night_introspective"""":0.85,""""night_rain_humid"""":0.8}""",slow_opening,0.9,极简钢琴与氛围铺底，缓慢而内省，充满孤独与克制感
Familiar,Agnes Obel,introspective;melancholic;restrained,piano;string;reverb_heavy;vocal_breath,,0.25,0.3,0.35,0.4,0.2,0.55,0.75,en,1,art_pop,"""{""""deep_night_introspective"""":0.9,""""night_rain_humid"""":0.8,""""work_focus_low_vocal"""":0.75}""",fade_into_inner_space,0.9,钢琴与弦乐交织，Agnes Obel 空灵而克制的人声，营造内省而忧郁的氛围
Buried Memories,Pye Corner Audio,introspective;melancholic;restrained,ambient_pad;cold_synth;minimal;reverb_heavy,,0.2,0.25,0.3,0.3,0.15,0,0.75,instrumental,0,ambient,"""{""""deep_night_introspective"""":0.85,""""night_rain_humid"""":0.8,""""work_focus_low_vocal"""":0.75}""",fade_into_inner_space,0.9,冷调合成器氛围，空旷混响与极简编排营造出被掩埋记忆般的疏离与内省
Fixture Picture,Aldous Harding,introspective;melancholic;restrained,acoustic;vocal_breath;minimal,,0.25,0.3,0.35,0.4,0.2,0.6,0.7,en,1,folk,"""{""""deep_night_introspective"""":0.85,""""work_focus_low_vocal"""":0.8,""""night_rain_humid"""":0.75}""",slow_opening,0.85,Aldous Harding 的克制人声与简约木吉他，营造内省而忧郁的氛围
The Gaels,Artesia,introspective;melancholic;restrained,piano;string;cinematic;minimal,,0.2,0.3,0.25,0.4,0.15,0,0.8,instrumental,0,modern_classical,"""{""""work_focus_low_vocal"""":0.85,""""deep_night_introspective"""":0.8,""""night_rain_humid"""":0.75}""",slow_opening,0.85,钢琴与弦乐交织的凯尔特风格器乐，内省而克制，带有淡淡的忧伤
Your Hand In Mine,Explosions In The Sky,introspective;nostalgic;hopeful,cinematic;string;ambient_pad;reverb_heavy,,0.35,0.4,0.5,0.55,0.2,0,0.8,instrumental,0,post_rock,"""{""""deep_night_introspective"""":0.9,""""evening_city_walk"""":0.85,""""work_focus_low_vocal"""":0.8}""",slow_opening,0.9,后摇经典，层层递进的弦乐与氛围铺底，内省而充满希望
Imora,Mikron,dreamy;misty;restrained,ambient_pad;soft_synth;minimal,,0.25,0.35,0.3,0.45,0.15,0,0.55,instrumental,0,ambient,"""{""""work_focus_low_vocal"""":0.85,""""morning_cloudy_slow"""":0.8,""""deep_night_introspective"""":0.75}""",soft_focus_work,0.85,Mikron 的这首作品以柔和的氛围合成器铺底，营造出朦胧而克制的梦幻感，适合低干扰的专注或内省场景
Can't Believe The Way We Flow,James Blake,introspective;melancholic;restrained,piano;reverb_heavy;vocal_breath;ambient_pad,,0.25,0.3,0.35,0.4,0.2,0.6,0.75,en,1,art_pop,"""{""""deep_night_introspective"""":0.85,""""night_rain_humid"""":0.8,""""work_focus_low_vocal"""":0.7}""",fade_into_inner_space,0.9,James Blake 标志性的脆弱人声与空旷钢琴，充满内省与克制的情感流动
Baddie Baddie,Ice Spice,urban;restless;clear,cold_synth;electric_distant;vocal_breath,generic_radio_pop,0.7,0.6,0.65,0.3,0.75,0.85,0.4,en,1,drill,"""{""""evening_city_walk"""":0.55,""""user_requested_explore"""":0.5,""""night_clear_lonely"""":0.4}""",city_to_inner_room,0.8,冷调合成器与强劲节奏，Ice Spice 自信的人声充满都市街头感，但略显商业化
Gonna Be Leaving,Abigail Lapell,melancholic;nostalgic;bittersweet,acoustic;vocal_breath;string,,0.3,0.4,0.35,0.55,0.25,0.6,0.7,en,1,folk,"""{""""evening_city_walk"""":0.8,""""night_clear_lonely"""":0.75,""""deep_night_introspective"""":0.7}""",afterglow_fading,0.85,民谣吉他与人声交织，怀旧而略带忧伤的离别情绪，温暖但克制
A Little Too Much,Shawn Mendes,warm;nostalgic;hopeful,acoustic;vocal_breath;string,,0.45,0.55,0.4,0.65,0.4,0.7,0.55,en,1,pop,"""{""""morning_clear_light"""":0.7,""""evening_city_walk"""":0.75,""""weekend_slow"""":0.7}""",slow_opening,0.85,温暖的木吉他与人声，怀旧中带着希望，能量适中
Short Form,Andrew Lawrence,introspective;restrained;melancholic,piano;minimal;reverb_heavy,,0.2,0.3,0.2,0.35,0.15,0,0.7,instrumental,0,modern_classical,"""{""""work_focus_low_vocal"""":0.85,""""deep_night_introspective"""":0.8,""""night_rain_humid"""":0.75}""",slow_opening,0.85,极简钢琴独奏，缓慢而内省，混响营造出空旷的孤独感
LOOK OUT (feat. KingJet),J-E-T-S,urban;restless;hopeful,soft_synth;electric_distant;ambient_pad,,0.55,0.5,0.6,0.45,0.6,0.7,0.5,en,1,electronic,"""{""""evening_city_walk"""":0.85,""""deep_night_introspective"""":0.75,""""work_focus_low_vocal"""":0.7}""",city_to_inner_room,0.85,都市电子风格，合成器与节奏驱动，带有不安与期待的情绪
Skyhigh,Guards,dreamy;nostalgic;hopeful,soft_synth;reverb_heavy;electric_distant,,0.55,0.6,0.5,0.5,0.5,0.7,0.5,en,1,indie_pop,"""{""""evening_city_walk"""":0.85,""""deep_night_introspective"""":0.75,""""user_requested_explore"""":0.7}""",city_to_inner_room,0.85,梦幻合成器与深远混响营造的怀旧与希望感，适合都市夜晚漫步
End of World Party,HÆLOS,restless;urban;bittersweet,soft_synth;reverb_heavy;electric_distant;cold_synth,,0.55,0.4,0.6,0.35,0.5,0.6,0.7,en,1,synthpop,"""{""""evening_city_walk"""":0.85,""""deep_night_introspective"""":0.8,""""night_clear_lonely"""":0.75}""",city_to_inner_room,0.85,合成器驱动的都市感节奏，略带不安与怀旧，适合夜晚城市漫步
OOH-AHH하게,TWICE,restless;urban;hopeful,soft_synth;electric_distant;vocal_breath,,0.7,0.7,0.65,0.55,0.75,0.85,0.4,ko,1,k_pop,"""{""""evening_city_walk"""":0.6,""""user_requested_explore"""":0.55,""""weekend_slow"""":0.5}""",city_to_inner_room,0.85,TWICE 的 K-pop 曲目，能量较高，节奏明快，人声突出，带有都市感和希望情绪，但非过度甜美或主流化
Nice to See You,Two Door Cinema Club,hopeful;warm;urban,soft_synth;electric_distant;reverb_heavy,,0.6,0.65,0.55,0.6,0.6,0.7,0.45,en,1,indie_rock,"""{""""evening_city_walk"""":0.8,""""morning_clear_light"""":0.7,""""user_requested_explore"""":0.75}""",city_to_inner_room,0.85,明亮合成器与跳跃节奏，温暖而充满都市感的独立摇滚
It's Rained All Day,Jaeden Camstra,melancholic;lonely;restrained,piano;ambient_pad;field_recording;reverb_heavy,,0.2,0.25,0.3,0.35,0.1,0,0.75,instrumental,0,ambient,"""{""""night_rain_humid"""":0.9,""""deep_night_introspective"""":0.85,""""work_focus_low_vocal"""":0.8}""",rain_on_glass,0.9,持续的雨声采样与缓慢的钢琴和弦，营造出阴郁、孤独而克制的氛围
Modern Drift,Efterklang,dreamy;restrained;nostalgic,ambient_pad;soft_synth;minimal;field_recording,,0.25,0.4,0.3,0.5,0.2,0,0.6,instrumental,0,ambient,"""{""""work_focus_low_vocal"""":0.85,""""morning_cloudy_slow"""":0.8,""""deep_night_introspective"""":0.75}""",soft_focus_work,0.85,梦幻而克制的氛围声景，柔和合成器与田野录音交织，适合专注或内省场景
Aquamarine,Yelena Eckemoff,dreamy;misty;introspective,piano;ambient_pad;minimal;cinematic,,0.2,0.4,0.25,0.5,0.15,0,0.65,instrumental,0,modern_classical,"""{""""work_focus_low_vocal"""":0.85,""""deep_night_introspective"""":0.8,""""morning_cloudy_slow"""":0.75}""",slow_opening,0.9,钢琴与氛围垫交织，营造出梦幻朦胧的内省氛围，如同海蓝宝石般清澈而深邃
Valentine My Funny,F.S. Blumm,warm;dreamy;nostalgic,acoustic;lofi_dust;field_recording;minimal,,0.25,0.5,0.3,0.7,0.2,0,0.5,instrumental,0,lo_fi,"""{""""morning_cloudy_slow"""":0.85,""""work_focus_low_vocal"""":0.8,""""afternoon_warm_idle"""":0.75}""",soft_focus_work,0.85,温暖的木吉他、轻微失真和田野录音，营造出慵懒怀旧的 lo-fi 氛围
The Next Episode,Dr. Dre,urban;restless;hopeful,electric_distant;soft_synth;lofi_dust,,0.7,0.6,0.7,0.5,0.8,0.8,0.5,en,1,hip_hop,"""{""""evening_city_walk"""":0.85,""""user_requested_explore"""":0.8,""""work_focus_low_vocal"""":0.7}""",city_to_inner_room,0.85,经典西海岸嘻哈，强劲的鼓点和合成器营造出都市活力与自信氛围
爱意 (金风玉露变奏),陈致逸,warm;nostalgic;dreamy,piano;string;cinematic;reverb_heavy,,0.35,0.5,0.4,0.7,0.3,0,0.6,instrumental,0,modern_classical,"""{""""morning_clear_light"""":0.8,""""afternoon_warm_idle"""":0.75,""""evening_city_walk"""":0.7}""",slow_opening,0.85,钢琴与弦乐交织的变奏曲，温暖怀旧中带有梦幻感，适合安静场景
Context,Temples,dreamy;urban;nostalgic,soft_synth;reverb_heavy;electric_distant,,0.5,0.5,0.5,0.5,0.5,0.5,0.5,en,1,psychedelic_pop,"""{""""evening_city_walk"""":0.8,""""deep_night_introspective"""":0.75,""""work_focus_low_vocal"""":0.7}""",city_to_inner_room,0.8,梦幻合成器与复古音色营造出都市怀旧感，人声飘渺但清晰
For What It's Worth,George Winston,introspective;melancholic;restrained,piano;minimal;cinematic,,0.15,0.3,0.2,0.4,0.1,0,0.8,instrumental,0,modern_classical,"""{""""work_focus_low_vocal"""":0.9,""""deep_night_introspective"""":0.85,""""night_rain_humid"""":0.8}""",slow_opening,0.9,George Winston 的钢琴独奏，缓慢而内省，充满留白与沉思感
Postcards,Alexandre Desplat,introspective;melancholic;restrained,piano;string;cinematic;minimal,,0.2,0.3,0.2,0.35,0.1,0,0.8,instrumental,0,modern_classical,"""{""""work_focus_low_vocal"""":0.85,""""deep_night_introspective"""":0.8,""""night_rain_humid"""":0.75}""",slow_opening,0.9,钢琴与弦乐交织的极简配乐，克制而内省，充满电影感的忧郁与留白
Dear Nighttime,Seeker Lover Keeper,introspective;melancholic;dreamy,piano;string;vocal_breath;reverb_heavy,,0.25,0.35,0.3,0.45,0.2,0.6,0.7,en,1,indie_folk,"""{""""deep_night_introspective"""":0.9,""""night_clear_lonely"""":0.85,""""work_focus_low_vocal"""":0.7}""",late_night_descent,0.85,钢琴与弦乐铺垫，轻柔人声带着内省与梦幻感，适合深夜独处场景
Black Sheep,Gin Wigmore,restless;urban;bittersweet,electric_distant;vocal_breath;grainy,,0.6,0.45,0.55,0.4,0.6,0.75,0.65,en,1,alternative_pop,"""{""""evening_city_walk"""":0.8,""""deep_night_introspective"""":0.7,""""user_requested_explore"""":0.75}""",city_to_inner_room,0.85,Gin Wigmore 沙哑而充满张力的人声，搭配粗粝的电子质感，营造出都市中不安与苦涩交织的氛围
Lust,Bethany Curve,dreamy;melancholic;introspective,reverb_heavy;electric_distant;vocal_breath;ambient_pad,,0.25,0.3,0.35,0.4,0.2,0.4,0.7,en,1,shoegaze,"""{""""deep_night_introspective"""":0.85,""""night_rain_humid"""":0.8,""""evening_city_walk"""":0.75}""",fade_into_inner_space,0.85,梦幻且忧郁的盯鞋风格，厚重混响与遥远电吉他营造内省氛围
If It Pleased Me To Appear To You Wrapped In This Drapery,Sarah Davachi,introspective;restrained;melancholic,minimal;ambient_pad;cold_synth;reverb_heavy,,0.15,0.2,0.2,0.3,0.05,0,0.8,instrumental,0,modern_classical,"""{""""work_focus_low_vocal"""":0.9,""""deep_night_introspective"""":0.85,""""night_rain_humid"""":0.8}""",afterglow_fading,0.9,极简冷调氛围，缓慢而克制的管风琴与合成器纹理，充满内省与孤寂感
Vibração,Pauline London,dreamy;warm;sensual,soft_synth;ambient_pad;vocal_breath;reverb_heavy,,0.35,0.5,0.4,0.65,0.3,0.6,0.5,pt,1,dream_pop,"""{""""evening_city_walk"""":0.8,""""deep_night_introspective"""":0.75,""""work_focus_low_vocal"""":0.7}""",city_to_inner_room,0.85,梦幻合成器与温暖人声交织，营造出迷离而感性的氛围
Snape to Malfoy Manor,Alexandre Desplat,melancholic;restrained;bittersweet,string;cinematic;minimal,,0.2,0.3,0.35,0.25,0.15,0,0.8,instrumental,0,film_score,"""{""""deep_night_introspective"""":0.85,""""night_rain_humid"""":0.8,""""work_focus_low_vocal"""":0.75}""",slow_opening,0.9,弦乐主导的电影配乐，克制而忧郁，充满悬而未决的叙事张力
Least of Me,Luke Temple,introspective;melancholic;restrained,acoustic;vocal_breath;minimal,,0.3,0.35,0.3,0.45,0.2,0.6,0.7,en,1,indie_folk,"""{""""deep_night_introspective"""":0.85,""""work_focus_low_vocal"""":0.8,""""night_rain_humid"""":0.75}""",fade_into_inner_space,0.85,Luke Temple 以简约的吉他与人声营造内省而克制的氛围，情感深沉但不过度渲染
Morning Ritual,Special Request,restrained;introspective;misty,ambient_pad;minimal;field_recording;soft_synth,,0.2,0.3,0.25,0.4,0.15,0,0.5,instrumental,0,ambient,"""{""""morning_cloudy_slow"""":0.85,""""work_focus_low_vocal"""":0.8,""""morning_clear_light"""":0.7}""",soft_focus_work,0.85,氛围电子作品，以环境音和软合成器营造清晨的朦胧与内省感
Immigration Nation,Charlie Porter,restless;urban;unresolved,electric_distant;cold_synth;reverb_heavy,,0.65,0.4,0.7,0.3,0.6,0,0.7,instrumental,0,electronic,"""{""""evening_city_walk"""":0.8,""""deep_night_introspective"""":0.75,""""night_clear_lonely"""":0.7}""",city_to_inner_room,0.85,冷调合成器与深远混响营造出都市漂泊的不安与悬而未决的情绪
HULA HOOP - City Pop Ver.,LOONA,urban;nostalgic;hopeful,soft_synth;acoustic;vocal_breath,,0.55,0.6,0.5,0.55,0.5,0.7,0.45,en,1,city_pop,"""{""""evening_city_walk"""":0.85,""""afternoon_warm_idle"""":0.75,""""weekend_slow"""":0.7}""",city_to_inner_room,0.85,City Pop 版本融合软合成器和木吉他，怀旧都市感与轻快律动并存
China clay pt.Ⅱ,Snow Fox Apprentice,dreamy;misty;restrained,ambient_pad;soft_synth;field_recording;minimal,,0.25,0.35,0.3,0.45,0.2,0,0.5,instrumental,0,ambient,"""{""""work_focus_low_vocal"""":0.85,""""morning_cloudy_slow"""":0.8,""""night_clear_lonely"""":0.75}""",soft_focus_work,0.85,氛围电子作品，软合成器与田野录音营造朦胧梦幻的质感，能量低而克制
Come into My World,Kylie Minogue,hopeful;warm;urban,soft_synth;vocal_breath;electric_distant,,0.6,0.65,0.55,0.6,0.6,0.75,0.45,en,1,dance_pop,"""{""""evening_city_walk"""":0.85,""""user_requested_explore"""":0.75,""""morning_clear_light"""":0.7}""",city_to_inner_room,0.85,Kylie Minogue 的舞曲流行，温暖合成器与人声营造都市漫步的乐观氛围
Good Morning,Norah Jones,warm;clear;hopeful,acoustic;piano;vocal_breath,,0.35,0.6,0.4,0.7,0.3,0.6,0.4,en,1,jazz,"""{""""morning_clear_light"""":0.9,""""afternoon_warm_idle"""":0.8,""""weekend_slow"""":0.75}""",soft_focus_work,0.9,Norah Jones 温暖慵懒的声线搭配钢琴与木吉他，营造出清晨阳光般的明亮与舒适
Flashing Lights,Kanye West,urban;restless;bittersweet,soft_synth;cold_synth;electric_distant,,0.65,0.5,0.6,0.4,0.6,0.7,0.55,en,1,hip_hop,"""{""""evening_city_walk"""":0.8,""""deep_night_introspective"""":0.7,""""user_requested_explore"""":0.65}""",city_to_inner_room,0.85,Kanye West 的都市感嘻哈，冷调合成器与不安的节奏交织，带有怀旧与苦涩的复杂情绪
电梯,郁可唯,urban;restrained;melancholic,piano;soft_synth;reverb_heavy;vocal_breath,,0.35,0.4,0.45,0.5,0.3,0.6,0.65,zh,1,mandopop,"""{""""evening_city_walk"""":0.8,""""deep_night_introspective"""":0.75,""""work_focus_low_vocal"""":0.7}""",city_to_inner_room,0.85,钢琴与软合成器交织，郁可唯克制的人声传递出都市中的孤独与内省
Ship of Fools,Susanna,melancholic;restrained;lonely,piano;vocal_breath;reverb_heavy,,0.25,0.3,0.35,0.35,0.2,0.6,0.75,en,1,art_pop,"""{""""deep_night_introspective"""":0.85,""""night_rain_humid"""":0.8,""""work_focus_low_vocal"""":0.7}""",fade_into_inner_space,0.85,Susanna 脆弱而克制的人声搭配极简钢琴与深远混响，营造出孤独而内省的氛围
M19 - 怒り　rage,坂本龍一,restless;unresolved;melancholic,piano;cinematic;minimal;reverb_heavy,,0.25,0.2,0.3,0.2,0.15,0,0.8,instrumental,0,modern_classical,"""{""""deep_night_introspective"""":0.85,""""night_rain_humid"""":0.8,""""work_focus_low_vocal"""":0.75}""",fade_into_inner_space,0.9,坂本龍一的钢琴独奏，重复而压抑的和弦营造出未解决的愤怒与不安
"""Symphonie fantastique, Op. 14: Marche au supplice (Allegro non troppo)""",Hector Berlioz,restless;melancholic;unresolved,cinematic;string;minimal,,0.7,0.4,0.8,0.3,0.6,0,0.8,instrumental,0,classical,"""{""""deep_night_introspective"""":0.5,""""night_rain_humid"""":0.4,""""work_focus_low_vocal"""":0.3}""",city_to_inner_room,0.85,柏辽兹《幻想交响曲》第四乐章，进行曲风格，弦乐与铜管交织，紧张不安且充满戏剧性
The Feels,jackLNDN,warm;hopeful;clear,soft_synth;vocal_breath;electric_distant,,0.55,0.6,0.5,0.65,0.55,0.7,0.5,en,1,deep_house,"""{""""evening_city_walk"""":0.8,""""afternoon_warm_idle"""":0.75,""""user_requested_explore"""":0.7}""",city_to_inner_room,0.85,温暖合成器与人声交织，节奏轻快明亮，适合都市午后或夜晚漫步
O Magnum Mysterium,Nordic Chamber Choir - Nicol Matt,introspective;restrained;melancholic,string;cinematic;minimal,,0.15,0.35,0.3,0.45,0.1,0.6,0.8,instrumental,1,classical,"""{""""work_focus_low_vocal"""":0.85,""""deep_night_introspective"""":0.8,""""night_rain_humid"""":0.75}""",slow_opening,0.9,北欧合唱团演绎的圣歌，人声纯净而克制，充满内省与庄严的静谧感
Never Again(short ver.),青木カレン,melancholic;restrained;bittersweet,piano;string;vocal_breath;reverb_heavy,,0.3,0.35,0.4,0.4,0.25,0.6,0.7,ja,1,j_pop,"""{""""deep_night_introspective"""":0.85,""""night_rain_humid"""":0.8,""""evening_city_walk"""":0.75}""",afterglow_fading,0.85,钢琴与弦乐铺垫，青木カレン的人声克制而伤感，带有淡淡的苦涩与怀旧
水星记,郭顶,introspective;melancholic;bittersweet,piano;soft_synth;vocal_breath;reverb_heavy,,0.35,0.4,0.45,0.5,0.3,0.6,0.75,zh,1,mandopop,"""{""""deep_night_introspective"""":0.85,""""night_clear_lonely"""":0.8,""""evening_city_walk"""":0.75}""",fade_into_inner_space,0.9,钢琴与合成器交织，郭顶低沉人声营造内省而略带忧伤的宇宙隐喻
Sugar On My Tongue,"""Tyler, The Creator""",sensual;warm;bittersweet,soft_synth;vocal_breath;electric_distant;jazz_brush,,0.45,0.5,0.55,0.6,0.5,0.7,0.5,en,1,alternative_rnb,"""{""""evening_city_walk"""":0.8,""""deep_night_introspective"""":0.75,""""user_requested_explore"""":0.7}""",city_to_inner_room,0.85,Tyler 慵懒的声线与软合成器、爵士刷营造出温暖而略带苦涩的亲密氛围
夜曲,周杰伦,melancholic;nostalgic;bittersweet,piano;string;vocal_breath;reverb_heavy,,0.35,0.4,0.5,0.45,0.3,0.6,0.7,zh,1,mandopop,"""{""""evening_city_walk"""":0.8,""""night_clear_lonely"""":0.85,""""deep_night_introspective"""":0.75}""",slow_opening,0.9,周杰伦经典抒情，钢琴与弦乐交织，人声带着怀旧与淡淡的忧伤
We Are the Future,Wild Belle,hopeful;urban;clear,soft_synth;acoustic;vocal_breath,,0.6,0.65,0.55,0.6,0.55,0.7,0.5,en,1,indie_pop,"""{""""evening_city_walk"""":0.8,""""morning_clear_light"""":0.75,""""user_requested_explore"""":0.7}""",city_to_inner_room,0.85,轻快的合成器与木吉他交织，人声充满希望与都市感，能量中等偏上
Opera,Various Artists,melancholic;restrained;bittersweet,piano;string;cinematic;vocal_breath,,0.35,0.4,0.5,0.45,0.2,0.6,0.7,en,1,classical_crossover,"""{""""deep_night_introspective"""":0.8,""""night_rain_humid"""":0.75,""""work_focus_low_vocal"""":0.7}""",slow_opening,0.85,歌剧风格的人声与钢琴弦乐交织，情感深沉而克制，带有古典的忧郁与回味
归属,VH (Vast & Hazy),introspective;melancholic;bittersweet,piano;string;vocal_breath;reverb_heavy,,0.35,0.4,0.45,0.5,0.3,0.65,0.75,zh,1,indie_pop,"""{""""deep_night_introspective"""":0.85,""""night_rain_humid"""":0.8,""""work_focus_low_vocal"""":0.7}""",fade_into_inner_space,0.85,钢琴与弦乐交织，人声带有呼吸感与混响，营造出内省而略带忧伤的归属追寻氛围
Tafoo,Moderator,dreamy;misty;introspective,ambient_pad;soft_synth;reverb_heavy;minimal,,0.25,0.35,0.3,0.45,0.2,0,0.6,instrumental,0,ambient,"""{""""work_focus_low_vocal"""":0.85,""""morning_cloudy_slow"""":0.8,""""deep_night_introspective"""":0.75}""",soft_focus_work,0.85,氛围电子作品，软合成器与深远混响营造出梦幻朦胧的内省空间
U + Ur Hand,P!nk,restless;urban;bittersweet,electric_distant;soft_synth;vocal_breath,generic_radio_pop,0.7,0.6,0.65,0.4,0.7,0.8,0.5,en,1,pop_rock,"""{""""evening_city_walk"""":0.55,""""user_requested_explore"""":0.5,""""work_focus_low_vocal"""":0.4}""",city_to_inner_room,0.8,P!nk 的流行摇滚风格，能量较高，带有都市叛逆和苦涩感，但存在主流流行制作痕迹
Still Think Different [Just Forget],Substantial,introspective;melancholic;restrained,piano;reverb_heavy;vocal_breath;minimal,,0.25,0.3,0.35,0.4,0.2,0.6,0.75,en,1,alternative_hip_hop,"""{""""deep_night_introspective"""":0.85,""""night_rain_humid"""":0.8,""""work_focus_low_vocal"""":0.7}""",fade_into_inner_space,0.85,内省且克制的说唱，钢琴与混响人声营造出沉思的夜晚氛围
Darck City,Reza Solatipour,urban;restless;melancholic,cold_synth;electric_distant;reverb_heavy,,0.6,0.3,0.7,0.2,0.6,0,0.7,instrumental,0,electronic,"""{""""evening_city_walk"""":0.85,""""deep_night_introspective"""":0.8,""""night_clear_lonely"""":0.75}""",city_to_inner_room,0.85,冷调合成器与深远混响营造出都市夜晚的躁动与孤寂感
Beleza Pula,高中正義,warm;clear;hopeful,acoustic;jazz_brush;string;electric_distant,,0.45,0.65,0.4,0.7,0.5,0,0.35,instrumental,0,jazz,"""{""""morning_clear_light"""":0.85,""""afternoon_warm_idle"""":0.8,""""work_focus_low_vocal"""":0.7}""",soft_focus_work,0.85,高中正義的吉他演奏明亮温暖，融合爵士与拉丁节奏，充满阳光与律动感
Twisting The Knife,Sorcha Richardson,melancholic;restless;bittersweet,electric_distant;vocal_breath;reverb_heavy,,0.4,0.35,0.5,0.3,0.4,0.6,0.7,en,1,indie_folk,"""{""""deep_night_introspective"""":0.8,""""night_rain_humid"""":0.75,""""evening_city_walk"""":0.7}""",late_night_descent,0.85,电吉他失真与人声混响营造出不安的忧郁，适合深夜内省场景
Get Out,GO DARK,restless;urban;melancholic,electric_distant;cold_synth;reverb_heavy,,0.6,0.35,0.55,0.3,0.6,0.7,0.65,en,1,alternative_rock,"""{""""evening_city_walk"""":0.8,""""deep_night_introspective"""":0.75,""""night_rain_humid"""":0.7}""",city_to_inner_room,0.85,冷调合成器与远距离电吉他营造出都市夜晚的躁动与忧郁，人声充满不安感
Week-end à Rome,Nouvelle Vague,nostalgic;warm;bittersweet,acoustic;jazz_brush;vocal_breath;soft_synth,,0.35,0.5,0.4,0.6,0.3,0.6,0.55,fr,1,bossa_nova,"""{""""evening_city_walk"""":0.8,""""afternoon_warm_idle"""":0.75,""""weekend_slow"""":0.7}""",soft_focus_work,0.85,Nouvelle Vague 的 bossa nova 翻唱，轻柔人声与爵士刷弦带来怀旧而温暖的午后质感
Instant Immortal,Matryoshka,dreamy;melancholic;unresolved,piano;string;vocal_breath;reverb_heavy,,0.35,0.4,0.5,0.45,0.3,0.6,0.7,en,1,art_pop,"""{""""deep_night_introspective"""":0.85,""""night_rain_humid"""":0.8,""""evening_city_walk"""":0.75}""",fade_into_inner_space,0.85,梦幻钢琴与弦乐交织，人声空灵而略带忧郁，营造出悬而未决的沉浸感
獅子座流星群,河野伸,dreamy;nostalgic;bittersweet,piano;string;ambient_pad;reverb_heavy,,0.25,0.4,0.35,0.5,0.2,0,0.7,instrumental,0,modern_classical,"""{""""night_clear_lonely"""":0.85,""""deep_night_introspective"""":0.8,""""evening_city_walk"""":0.75}""",afterglow_fading,0.85,钢琴与弦乐交织的梦幻氛围，带有怀旧与淡淡的忧伤，如同流星划过夜空
I believe ～海の底から～,KOKIA,melancholic;nostalgic;bittersweet,piano;string;vocal_breath;reverb_heavy,,0.3,0.4,0.45,0.5,0.2,0.7,0.75,ja,1,j_pop,"""{""""deep_night_introspective"""":0.85,""""night_rain_humid"""":0.8,""""evening_city_walk"""":0.75}""",afterglow_fading,0.85,KOKIA 空灵而略带哀伤的人声与钢琴弦乐交织，营造出深海般的怀旧与忧郁氛围
難破船,中森明菜,melancholic;bittersweet;restrained,piano;string;vocal_breath;reverb_heavy,,0.3,0.3,0.5,0.4,0.2,0.8,0.85,ja,1,j_pop,"""{""""night_rain_humid"""":0.85,""""deep_night_introspective"""":0.8,""""evening_city_walk"""":0.7}""",rain_on_glass,0.9,中森明菜标志性的悲情演绎，钢琴与弦乐编织出沉郁的失恋氛围，人声充满破碎感
"""Piano Sonata No. 19 in C Minor, D. 958: II. Adagio""",Franz Schubert,introspective;melancholic;restrained,piano;cinematic;minimal,,0.15,0.3,0.2,0.35,0.1,0,0.8,instrumental,0,classical,"""{""""work_focus_low_vocal"""":0.85,""""deep_night_introspective"""":0.9,""""night_rain_humid"""":0.75}""",slow_opening,0.95,舒伯特C小调钢琴奏鸣曲的慢板乐章，深沉内省，钢琴独奏营造出克制而忧郁的氛围
沉重,梁晓珺,melancholic;restrained;lonely,piano;string;reverb_heavy;vocal_breath,,0.25,0.3,0.4,0.35,0.2,0.6,0.8,zh,1,mandopop,"""{""""deep_night_introspective"""":0.85,""""night_rain_humid"""":0.8,""""work_focus_low_vocal"""":0.7}""",late_night_descent,0.85,钢琴与弦乐交织，人声克制而沉重，营造出深夜内省的忧郁氛围
The Promise,Michael Nyman,introspective;melancholic;restrained,piano;string;cinematic;minimal,,0.15,0.3,0.2,0.35,0.1,0,0.8,instrumental,0,modern_classical,"""{""""work_focus_low_vocal"""":0.85,""""deep_night_introspective"""":0.8,""""night_rain_humid"""":0.75}""",slow_opening,0.9,Michael Nyman 标志性的极简钢琴与弦乐，缓慢而克制，充满内省与忧郁的承诺感
Young and Beautiful (DH Orchestra Version),Lana Del Rey,nostalgic;melancholic;bittersweet,string;cinematic;vocal_breath;reverb_heavy,,0.35,0.4,0.55,0.5,0.3,0.75,0.8,en,1,orchestral_pop,"""{""""deep_night_introspective"""":0.85,""""evening_city_walk"""":0.8,""""night_rain_humid"""":0.75}""",afterglow_fading,0.9,弦乐编排的管弦乐版本，Lana Del Rey 的怀旧声线在宏大而忧伤的氛围中缓缓展开
In Dreams,Flica,dreamy;misty;introspective,ambient_pad;minimal;field_recording;reverb_heavy,,0.2,0.3,0.25,0.4,0.1,0,0.6,instrumental,0,ambient,"""{""""deep_night_introspective"""":0.85,""""night_rain_humid"""":0.8,""""work_focus_low_vocal"""":0.75}""",fade_into_inner_space,0.85,梦幻氛围声景，极简铺底与田野录音交织，营造朦胧内省的空间感
Song Before You Came,Motohiro Nakashima,introspective;melancholic;restrained,piano;minimal;cinematic,,0.15,0.3,0.2,0.35,0.1,0,0.8,instrumental,0,modern_classical,"""{""""work_focus_low_vocal"""":0.85,""""deep_night_introspective"""":0.9,""""night_rain_humid"""":0.75}""",slow_opening,0.9,极简钢琴独奏，缓慢而克制，充满内省与留白，类似坂本龍一的安静质感
逃 - 電視劇《想見你》插曲,孫盛希,nostalgic;bittersweet;restrained,piano;string;vocal_breath;reverb_heavy,,0.35,0.4,0.45,0.5,0.3,0.7,0.75,zh,1,mandopop,"""{""""evening_city_walk"""":0.8,""""deep_night_introspective"""":0.75,""""night_rain_humid"""":0.7}""",slow_opening,0.85,孙盛希的声线带着克制与怀旧，钢琴和弦乐编织出电视剧《想见你》中时空交错的苦涩与思念
Crowded Apartment,Emil Brandqvist,introspective;melancholic;restrained,piano;minimal;cinematic;field_recording,,0.25,0.3,0.35,0.4,0.2,0,0.7,instrumental,0,modern_classical,"""{""""deep_night_introspective"""":0.85,""""night_rain_humid"""":0.8,""""work_focus_low_vocal"""":0.75}""",rain_on_glass,0.85,极简钢琴与细腻的现场录音，营造出内省而克制的孤独氛围，如同在拥挤公寓中的静谧时刻
晨間新聞,蔡健雅,warm;nostalgic;clear,acoustic;vocal_breath;string,,0.35,0.55,0.4,0.65,0.3,0.65,0.55,zh,1,mandopop,"""{""""morning_clear_light"""":0.85,""""afternoon_warm_idle"""":0.75,""""weekend_slow"""":0.7}""",slow_opening,0.85,蔡健雅温暖声线搭配木吉他，清晨般的清新与怀旧，节奏舒缓
Night Running,Cage The Elephant,restless;urban;unresolved,electric_distant;reverb_heavy;soft_synth,,0.6,0.45,0.55,0.4,0.65,0.7,0.5,en,1,indie_rock,"""{""""evening_city_walk"""":0.85,""""deep_night_introspective"""":0.75,""""user_requested_explore"""":0.7}""",city_to_inner_room,0.85,急促的鼓点与模糊的电吉他营造出都市夜晚的躁动与不安，人声充满张力
Return To Innocence (Radio Edit),Enigma,dreamy;nostalgic;hopeful,ambient_pad;soft_synth;vocal_breath;field_recording,,0.4,0.5,0.45,0.55,0.35,0.3,0.6,en,1,new_age,"""{""""morning_clear_light"""":0.8,""""deep_night_introspective"""":0.75,""""work_focus_low_vocal"""":0.7}""",soft_focus_work,0.85,空灵的人声吟唱与氛围合成器铺底，营造出怀旧而梦幻的回归感，能量中等偏低
Foreign Tides,RY X,introspective;melancholic;restrained,piano;reverb_heavy;vocal_breath;ambient_pad,,0.2,0.3,0.25,0.4,0.15,0.6,0.8,en,1,ambient_folk,"""{""""deep_night_introspective"""":0.9,""""night_rain_humid"""":0.85,""""work_focus_low_vocal"""":0.8}""",fade_into_inner_space,0.9,RY X 的脆弱人声与空旷钢琴、氛围铺垫，营造出深沉内省与克制的孤独感
一趟,李宇春,urban;restless;hopeful,electric_distant;soft_synth;reverb_heavy,,0.55,0.5,0.6,0.4,0.5,0.7,0.55,zh,1,art_pop,"""{""""evening_city_walk"""":0.85,""""deep_night_introspective"""":0.8,""""user_requested_explore"""":0.75}""",city_to_inner_room,0.85,电子合成器与都市感节奏，李宇春的人声带着疏离与希望交织的情绪
Lettre lois,M83,dreamy;nostalgic;melancholic,soft_synth;reverb_heavy;ambient_pad;electric_distant,,0.35,0.4,0.45,0.5,0.3,0,0.65,instrumental,0,ambient,"""{""""evening_city_walk"""":0.85,""""deep_night_introspective"""":0.8,""""night_clear_lonely"""":0.75}""",city_to_inner_room,0.85,梦幻合成器与深远混响营造出怀旧而忧郁的氛围，适合都市夜晚的内省场景
Do It Without You,Jacques Greene,urban;nostalgic;bittersweet,soft_synth;vocal_breath;reverb_heavy;electric_distant,,0.45,0.45,0.5,0.5,0.5,0.6,0.6,en,1,electronic,"""{""""evening_city_walk"""":0.8,""""deep_night_introspective"""":0.75,""""night_rain_humid"""":0.7}""",city_to_inner_room,0.85,都市电子风格，软合成器与人声混响营造怀旧而略带苦涩的夜晚氛围
STARGAZER ~星の扉,根岸さとり,dreamy;nostalgic;hopeful,soft_synth;string;vocal_breath;reverb_heavy,,0.4,0.5,0.45,0.55,0.35,0.7,0.65,ja,1,anime_song,"""{""""evening_city_walk"""":0.8,""""deep_night_introspective"""":0.75,""""night_clear_lonely"""":0.7}""",slow_opening,0.85,梦幻的合成器与弦乐交织，人声空灵而怀旧，带有仰望星空的希望感
Mont Ventoux,Von Spar,restrained;melancholic;introspective,piano;minimal;reverb_heavy,,0.2,0.3,0.25,0.35,0.15,0,0.7,instrumental,0,modern_classical,"""{""""work_focus_low_vocal"""":0.85,""""deep_night_introspective"""":0.8,""""night_rain_humid"""":0.75}""",slow_opening,0.85,极简钢琴与深远混响，克制而内省，如同山间寂静的冥想
A-Train,COMA,urban;restless;nostalgic,soft_synth;electric_distant;reverb_heavy;lofi_dust,,0.45,0.5,0.55,0.4,0.5,0,0.5,instrumental,0,electronic,"""{""""evening_city_walk"""":0.85,""""deep_night_introspective"""":0.8,""""work_focus_low_vocal"""":0.75}""",city_to_inner_room,0.85,都市感电子音乐，软合成器与深远混响营造出略带不安的怀旧氛围
redrum,21 Savage,urban;restless;unresolved,electric_distant;cold_synth;minimal,,0.7,0.4,0.7,0.3,0.8,0.8,0.6,en,1,hip_hop,"""{""""evening_city_walk"""":0.8,""""deep_night_introspective"""":0.7,""""user_requested_explore"""":0.6}""",city_to_inner_room,0.85,冷峻的 trap 节拍与 21 Savage 低沉人声，营造出都市不安与悬疑氛围
惯坏,泳儿,melancholic;bittersweet;restrained,piano;string;vocal_breath;reverb_heavy,,0.35,0.4,0.45,0.5,0.3,0.7,0.75,zh,1,mandopop,"""{""""evening_city_walk"""":0.8,""""deep_night_introspective"""":0.75,""""night_rain_humid"""":0.7}""",slow_opening,0.85,泳儿细腻的声线配合钢琴与弦乐，营造出克制而苦涩的怀旧情绪
Can't Stop Playing (Makes Me High) [Oliver Heldens & Gregor Salto Vocal Mix],Gregor Salto,restless;urban;hopeful,soft_synth;electric_distant;reverb_heavy,,0.7,0.6,0.65,0.5,0.75,0.6,0.4,en,1,house,"""{""""evening_city_walk"""":0.7,""""user_requested_explore"""":0.65,""""weekend_slow"""":0.5}""",city_to_inner_room,0.8,高能量电子舞曲，重复人声与合成器营造都市律动感，但情感较轻
Flavor Of Life (Ballad Version),宇多田ヒカル,warm;nostalgic;bittersweet,piano;string;vocal_breath,,0.4,0.5,0.45,0.7,0.3,0.75,0.7,ja,1,j_pop,"""{""""evening_city_walk"""":0.8,""""night_rain_humid"""":0.75,""""weekend_slow"""":0.7}""",slow_opening,0.9,宇多田光温暖而略带沙哑的声线搭配钢琴与弦乐，营造出怀旧而略带苦涩的抒情氛围
Thin Growing Thing,Pure Bathing Culture,dreamy;misty;restrained,soft_synth;reverb_heavy;ambient_pad;vocal_breath,,0.3,0.4,0.35,0.45,0.2,0.4,0.55,en,1,dream_pop,"""{""""morning_cloudy_slow"""":0.85,""""work_focus_low_vocal"""":0.8,""""evening_city_walk"""":0.75}""",soft_focus_work,0.85,梦幻流行风格，软合成器与深远混响营造朦胧、克制的氛围，人声轻柔如呼吸
Philip And Steve's Furniture Removal Company,The Divine Comedy,warm;nostalgic;hopeful,acoustic;string;vocal_breath,,0.4,0.55,0.45,0.65,0.35,0.65,0.6,en,1,baroque_pop,"""{""""morning_clear_light"""":0.8,""""afternoon_warm_idle"""":0.75,""""weekend_slow"""":0.7}""",slow_opening,0.85,温暖的弦乐与木吉他编排，配合怀旧而充满希望的人声，营造出轻松愉悦的复古氛围
Charms,Abel Korzeniowski,introspective;melancholic;restrained,string;piano;cinematic;minimal,,0.2,0.3,0.25,0.35,0.1,0,0.8,instrumental,0,modern_classical,"""{""""work_focus_low_vocal"""":0.85,""""deep_night_introspective"""":0.9,""""night_rain_humid"""":0.8}""",slow_opening,0.9,弦乐与钢琴交织的极简配乐，克制而内省，充满电影感的忧郁与留白
Dew,Stenny,misty;restrained;introspective,ambient_pad;minimal;cold_synth,,0.2,0.3,0.25,0.35,0.15,0,0.6,instrumental,0,ambient,"""{""""morning_cloudy_slow"""":0.85,""""work_focus_low_vocal"""":0.8,""""deep_night_introspective"""":0.75}""",rain_on_glass,0.85,冷调氛围铺底，极简结构如同晨露般朦胧而克制
男人,范曉萱,introspective;melancholic;restrained,piano;string;vocal_breath,,0.35,0.4,0.45,0.5,0.3,0.6,0.7,zh,1,mandopop,"""{""""deep_night_introspective"""":0.85,""""evening_city_walk"""":0.75,""""work_focus_low_vocal"""":0.7}""",slow_opening,0.85,范晓萱的细腻声线与钢琴弦乐交织，内省而克制的抒情，带有淡淡的忧郁
Bulletproof,Lamb,restless;urban;melancholic,electric_distant;cold_synth;vocal_breath;reverb_heavy,,0.6,0.4,0.65,0.3,0.55,0.7,0.7,en,1,trip_hop,"""{""""evening_city_walk"""":0.85,""""deep_night_introspective"""":0.8,""""night_rain_humid"""":0.75}""",city_to_inner_room,0.85,Lamb 标志性的 trip-hop 风格，冰冷电子音色与脆弱人声交织，充满都市夜晚的躁动与内省
Take Out Chicken,Du Blonde,restless;urban;unresolved,electric_distant;soft_synth;reverb_heavy,,0.6,0.5,0.55,0.4,0.6,0.7,0.5,en,1,indie_rock,"""{""""evening_city_walk"""":0.8,""""deep_night_introspective"""":0.7,""""user_requested_explore"""":0.75}""",city_to_inner_room,0.8,Du Blonde 的独立摇滚风格，带有城市躁动与未解的情绪，电吉他与人声混响营造出疏离感
Krystallos,Matthias Bartolomey,introspective;restrained;melancholic,string;minimal;cinematic,,0.2,0.3,0.25,0.35,0.1,0,0.75,instrumental,0,modern_classical,"""{""""deep_night_introspective"""":0.85,""""work_focus_low_vocal"""":0.8,""""night_rain_humid"""":0.75}""",afterglow_fading,0.85,大提琴独奏，极简而克制，充满内省与忧郁的古典质感
十二樓,莫文蔚,urban;nostalgic;melancholic,piano;string;vocal_breath;reverb_heavy,,0.35,0.4,0.45,0.5,0.3,0.6,0.65,zh,1,mandopop,"""{""""evening_city_walk"""":0.85,""""deep_night_introspective"""":0.8,""""night_rain_humid"""":0.75}""",city_to_inner_room,0.9,莫文蔚慵懒声线搭配钢琴与弦乐，营造都市夜晚的怀旧与淡淡忧郁
Favourite Boy,Half Moon Run,melancholic;dreamy;restrained,acoustic;reverb_heavy;vocal_breath;soft_synth,,0.35,0.4,0.45,0.5,0.3,0.6,0.7,en,1,indie_folk,"""{""""evening_city_walk"""":0.8,""""deep_night_introspective"""":0.75,""""night_rain_humid"""":0.7}""",fade_into_inner_space,0.85,木吉他与混响人声交织，忧郁而梦幻的独立民谣质感
遺失的美好,張韶涵,nostalgic;warm;bittersweet,piano;string;vocal_breath,,0.45,0.5,0.45,0.6,0.35,0.7,0.65,zh,1,mandopop,"""{""""evening_city_walk"""":0.8,""""weekend_slow"""":0.7,""""night_rain_humid"""":0.75}""",slow_opening,0.85,張韶涵清亮而略带伤感的声线，钢琴与弦乐交织出怀旧与温暖的抒情氛围
Lux Prima,Karen O,dreamy;warm;nostalgic,soft_synth;ambient_pad;vocal_breath;reverb_heavy,,0.3,0.5,0.4,0.65,0.25,0.6,0.6,en,1,art_pop,"""{""""evening_city_walk"""":0.85,""""deep_night_introspective"""":0.8,""""morning_cloudy_slow"""":0.75}""",fade_into_inner_space,0.85,温暖梦幻的合成器氛围，Karen O 轻柔人声包裹在混响中，怀旧而内省
Moviestar - Early Version,All India Radio,dreamy;nostalgic;restrained,soft_synth;ambient_pad;electric_distant;reverb_heavy,,0.35,0.4,0.4,0.5,0.3,0,0.6,instrumental,0,ambient,"""{""""evening_city_walk"""":0.85,""""deep_night_introspective"""":0.8,""""work_focus_low_vocal"""":0.75}""",city_to_inner_room,0.85,梦幻合成器与深远混响营造出怀旧而克制的氛围，适合都市夜晚的内心漫游
Twenty One Years and One Day,Exxasens,dreamy;restrained;nostalgic,soft_synth;ambient_pad;reverb_heavy;electric_distant,,0.35,0.4,0.45,0.5,0.3,0,0.6,instrumental,0,post_rock,"""{""""work_focus_low_vocal"""":0.85,""""deep_night_introspective"""":0.8,""""evening_city_walk"""":0.75}""",afterglow_fading,0.85,梦幻合成器与深远混响营造出克制而怀旧的氛围，适合内省与工作场景
我真的受傷了,王菀之,melancholic;lonely;restrained,piano;vocal_breath;acoustic,,0.25,0.3,0.35,0.4,0.2,0.6,0.75,zh,1,mandopop,"""{""""deep_night_introspective"""":0.85,""""night_rain_humid"""":0.8,""""work_focus_low_vocal"""":0.7}""",rain_on_glass,0.9,王菀之清冷细腻的声线搭配简约钢琴，营造出孤独而克制的伤感氛围
熄灯,萧亚轩,melancholic;lonely;introspective,piano;reverb_heavy;vocal_breath,,0.3,0.3,0.4,0.35,0.25,0.6,0.7,zh,1,mandopop,"""{""""deep_night_introspective"""":0.85,""""night_clear_lonely"""":0.8,""""night_rain_humid"""":0.75}""",late_night_descent,0.85,萧亚轩低沉人声与钢琴混响营造出深夜独处的忧郁与内省氛围
Misconceptions on Forever,Emily Wells,introspective;melancholic;bittersweet,piano;string;vocal_breath;cinematic,,0.25,0.3,0.4,0.35,0.2,0.6,0.75,en,1,art_pop,"""{""""deep_night_introspective"""":0.85,""""night_rain_humid"""":0.8,""""work_focus_low_vocal"""":0.7}""",fade_into_inner_space,0.85,钢琴与弦乐交织，Emily Wells 脆弱的人声充满内省与未解的忧伤，如同深夜的独白
你是我心中一句惊叹,萧亚轩,warm;nostalgic;hopeful,acoustic;vocal_breath;string,,0.45,0.55,0.45,0.65,0.4,0.7,0.6,zh,1,mandopop,"""{""""evening_city_walk"""":0.8,""""morning_clear_light"""":0.7,""""weekend_slow"""":0.75}""",slow_opening,0.85,萧亚轩温暖声线搭配木吉他弦乐，怀旧中带着希望，能量适中
She's The Moon (feat. Andrina Bollinger),Erik Truffaz,dreamy;sensual;nostalgic,soft_synth;reverb_heavy;vocal_breath;electric_distant,,0.35,0.4,0.4,0.55,0.3,0.6,0.6,en,1,nu_jazz,"""{""""evening_city_walk"""":0.85,""""deep_night_introspective"""":0.8,""""night_clear_lonely"""":0.75}""",city_to_inner_room,0.85,Erik Truffaz 的电子爵士融合，梦幻合成器与空灵女声交织，营造出都市夜晚的迷离与怀旧感
Ballade in Form von Variationen über eine norwegische Melodie/Ballade in the Form of Variations on a,Gerhard Oppitz,introspective;restrained;melancholic,piano;minimal;cinematic,,0.15,0.3,0.2,0.35,0.1,0,0.8,instrumental,0,classical,"""{""""work_focus_low_vocal"""":0.85,""""deep_night_introspective"""":0.8,""""night_rain_humid"""":0.75}""",slow_opening,0.9,基于挪威旋律的变奏曲，钢琴独奏，内省而克制，情感深沉但能量低
Time Is,Richard Hawley,nostalgic;warm;bittersweet,acoustic;string;vocal_breath;reverb_heavy,,0.35,0.5,0.4,0.7,0.3,0.6,0.65,en,1,singer_songwriter,"""{""""evening_city_walk"""":0.8,""""weekend_slow"""":0.75,""""night_rain_humid"""":0.7}""",slow_opening,0.85,Richard Hawley 低沉温暖的嗓音搭配木吉他与弦乐，营造怀旧而略带苦涩的抒情氛围
Take A Bow,Rihanna,melancholic;bittersweet;restrained,piano;string;vocal_breath;reverb_heavy,,0.35,0.3,0.4,0.35,0.25,0.75,0.8,en,1,pop,"""{""""deep_night_introspective"""":0.85,""""night_rain_humid"""":0.8,""""evening_city_walk"""":0.75}""",afterglow_fading,0.85,钢琴与弦乐铺垫的伤感流行，Rihanna 克制而充满情感的人声，营造出苦涩的告别氛围
Atlantic,Sleeping at Last,introspective;melancholic;hopeful,piano;string;cinematic;reverb_heavy,,0.25,0.35,0.4,0.5,0.2,0,0.8,instrumental,0,modern_classical,"""{""""deep_night_introspective"""":0.9,""""night_rain_humid"""":0.85,""""work_focus_low_vocal"""":0.8}""",slow_opening,0.9,钢琴与弦乐交织的缓慢铺陈，内省而略带忧伤，但透出微弱希望，适合深夜独处或雨中沉思
Les rêves orientaux,Ozymandias,dreamy;misty;introspective,ambient_pad;soft_synth;field_recording;minimal,,0.2,0.35,0.25,0.5,0.15,0,0.6,instrumental,0,ambient,"""{""""morning_cloudy_slow"""":0.85,""""deep_night_introspective"""":0.8,""""work_focus_low_vocal"""":0.75}""",soft_focus_work,0.85,氛围电子作品，朦胧的合成器与田野录音营造出梦幻而内省的东方梦境
太阳照常升起,久石譲,introspective;melancholic;restrained,piano;cinematic;string;minimal,,0.2,0.3,0.25,0.35,0.15,0,0.8,instrumental,0,modern_classical,"""{""""work_focus_low_vocal"""":0.85,""""deep_night_introspective"""":0.9,""""night_rain_humid"""":0.75}""",slow_opening,0.9,久石譲的钢琴与弦乐交织，旋律深沉而克制，充满内省与淡淡的悲怆感
Mozart - Concerto for Piano and Orchestra No.23 in A major,Maurizio Pollini Edition,clear;warm;restrained,piano;string;cinematic,,0.4,0.7,0.5,0.6,0.4,0,0.5,instrumental,0,classical,"""{""""morning_clear_light"""":0.85,""""work_focus_low_vocal"""":0.8,""""afternoon_warm_idle"""":0.75}""",slow_opening,0.9,莫扎特A大调钢琴协奏曲，明亮清晰的钢琴与弦乐交织，温暖而克制，适合专注或悠闲场景
"""Danger Zone - From """"""""Top Gun"""""""" Original Soundtrack""",Kenny Loggins,restless;urban;hopeful,electric_distant;soft_synth;reverb_heavy,,0.8,0.7,0.75,0.5,0.85,0.8,0.4,en,1,rock,"""{""""evening_city_walk"""":0.85,""""user_requested_explore"""":0.8,""""work_focus_low_vocal"""":0.6}""",city_to_inner_room,0.9,高能量摇滚，强劲节奏与电吉他营造出都市冒险的紧迫感与希望
I Wanted You to Feel the Same,The Radio Dept.,nostalgic;melancholic;dreamy,soft_synth;electric_distant;reverb_heavy;vocal_breath,,0.4,0.4,0.45,0.5,0.35,0.55,0.65,en,1,indie_pop,"""{""""evening_city_walk"""":0.8,""""deep_night_introspective"""":0.75,""""work_focus_low_vocal"""":0.7}""",city_to_inner_room,0.85,梦幻的独立流行，软合成器与遥远电吉他营造怀旧而忧郁的都市氛围
Get It Up,MIKOTEAU,restless;urban;hopeful,soft_synth;electric_distant;reverb_heavy,,0.55,0.5,0.55,0.45,0.6,0,0.4,instrumental,0,synthwave,"""{""""evening_city_walk"""":0.8,""""work_focus_low_vocal"""":0.7,""""user_requested_explore"""":0.65}""",city_to_inner_room,0.8,合成器驱动的都市感器乐曲，节奏明快但带有疏离的电子质感
Kalimboid - Live,Arp,dreamy;misty;restrained,ambient_pad;field_recording;minimal,,0.2,0.3,0.25,0.4,0.1,0,0.5,instrumental,0,ambient,"""{""""work_focus_low_vocal"""":0.85,""""morning_cloudy_slow"""":0.8,""""deep_night_introspective"""":0.75}""",soft_focus_work,0.85,现场录音的卡林巴琴与氛围垫音交织，朦胧而克制，适合专注或内省场景
Spanish Swing,Tingvall Trio,warm;clear;restless,piano;acoustic;jazz_brush;minimal,,0.4,0.6,0.5,0.7,0.55,0,0.3,instrumental,0,jazz,"""{""""morning_clear_light"""":0.8,""""afternoon_warm_idle"""":0.75,""""work_focus_low_vocal"""":0.7}""",soft_focus_work,0.85,钢琴三重奏，温暖的爵士摇摆节奏，明亮而富有律动感
Symphony No.40 K.550,Wolfgang Amadeus Mozart,restless;melancholic;unresolved,string;cinematic;minimal,,0.6,0.55,0.7,0.45,0.65,0,0.6,instrumental,0,classical,"""{""""work_focus_low_vocal"""":0.7,""""deep_night_introspective"""":0.65,""""evening_city_walk"""":0.6}""",slow_opening,0.85,莫扎特第40交响曲，弦乐主导的古典作品，充满不安与未解的忧郁情绪，能量中等偏高
Ballade pour Adeline,André Rieu,warm;nostalgic;clear,piano;string;cinematic,,0.25,0.6,0.35,0.7,0.2,0,0.5,instrumental,0,classical_crossover,"""{""""morning_clear_light"""":0.85,""""afternoon_warm_idle"""":0.8,""""weekend_slow"""":0.75}""",slow_opening,0.9,经典钢琴曲，旋律温暖明亮，弦乐衬托出怀旧与清晰的质感
Pasión,Rodrigo Leão,melancholic;dreamy;restrained,string;piano;cinematic;minimal,,0.25,0.35,0.3,0.4,0.15,0,0.7,instrumental,0,modern_classical,"""{""""deep_night_introspective"""":0.85,""""night_rain_humid"""":0.8,""""work_focus_low_vocal"""":0.75}""",afterglow_fading,0.85,弦乐与钢琴交织的极简古典作品，忧郁而克制，适合深夜内省场景
SAKURA,いきものがかり,nostalgic;warm;hopeful,acoustic;string;vocal_breath,,0.55,0.6,0.5,0.7,0.45,0.75,0.65,ja,1,j_pop,"""{""""morning_clear_light"""":0.8,""""evening_city_walk"""":0.75,""""weekend_slow"""":0.7}""",slow_opening,0.85,いきものがかり的经典J-POP，温暖声线与弦乐编排带来怀旧与希望交织的春日气息
Step by Step,JADOES,warm;hopeful;nostalgic,acoustic;soft_synth;vocal_breath,,0.45,0.55,0.4,0.6,0.4,0.6,0.5,en,1,indie_pop,"""{""""morning_clear_light"""":0.8,""""afternoon_warm_idle"""":0.75,""""weekend_slow"""":0.7}""",soft_focus_work,0.8,温暖的人声与木吉他结合柔和合成器，营造出怀旧而充满希望的日常氛围
I Will Follow You Take Me There,The Waterboys,hopeful;nostalgic;restless,acoustic;string;vocal_breath;electric_distant,,0.6,0.55,0.5,0.6,0.5,0.7,0.6,en,1,folk_rock,"""{""""morning_clear_light"""":0.8,""""evening_city_walk"""":0.75,""""weekend_slow"""":0.7}""",slow_opening,0.85,原声吉他与人声交织，充满希望与怀旧感的民谣摇滚，略带不安的律动
與浪之間,VH (Vast & Hazy),melancholic;bittersweet;restless,electric_distant;reverb_heavy;vocal_breath;soft_synth,,0.4,0.35,0.5,0.4,0.4,0.6,0.7,zh,1,indie_rock,"""{""""evening_city_walk"""":0.8,""""deep_night_introspective"""":0.75,""""night_rain_humid"""":0.7}""",city_to_inner_room,0.85,VH 的独立摇滚风格，电吉他失真与人声混响交织，营造出城市夜晚中忧郁与不安的浪涌感
小芽儿 (Live),Matt吕彦良 / 卷卷,warm;hopeful;dreamy,acoustic;vocal_breath;soft_synth;minimal,,0.4,0.6,0.35,0.7,0.3,0.6,0.5,zh,1,neo_soul,"""{""""morning_clear_light"""":0.8,""""afternoon_warm_idle"""":0.75,""""weekend_slow"""":0.7}""",soft_focus_work,0.85,现场演绎的温暖neo-soul，人声轻柔有呼吸感，木吉他与软合成器营造出希望与梦幻交织的氛围
Dancing Inner Space,Seahawks,dreamy;introspective;misty,ambient_pad;soft_synth;reverb_heavy;minimal,,0.2,0.35,0.25,0.5,0.15,0,0.55,instrumental,0,ambient,"""{""""deep_night_introspective"""":0.85,""""work_focus_low_vocal"""":0.8,""""night_clear_lonely"""":0.75}""",fade_into_inner_space,0.85,梦幻氛围电子，合成器铺底与深远混响营造内省而朦胧的空间感
A shot in the mid-air,FAIRY SESSIONS,dreamy;restrained;unresolved,ambient_pad;soft_synth;reverb_heavy;minimal,,0.25,0.35,0.3,0.4,0.2,0,0.6,instrumental,0,ambient,"""{""""work_focus_low_vocal"""":0.85,""""deep_night_introspective"""":0.8,""""morning_cloudy_slow"""":0.75}""",soft_focus_work,0.85,空灵氛围合成器与深远混响，营造出悬而未决的梦幻感，适合低干扰场景
RAIN MAN,AKIHIDE,melancholic;introspective;restrained,piano;reverb_heavy;cinematic;minimal,,0.2,0.3,0.25,0.35,0.15,0,0.75,instrumental,0,modern_classical,"""{""""night_rain_humid"""":0.9,""""deep_night_introspective"""":0.85,""""work_focus_low_vocal"""":0.8}""",rain_on_glass,0.9,钢琴主导的极简器乐，混响厚重，营造出雨夜中内省而忧郁的氛围
Nothing's gonna change my love for you [Timeless Live 2009],方大同,warm;nostalgic;hopeful,acoustic;jazz_brush;vocal_breath;string,,0.45,0.55,0.5,0.7,0.4,0.75,0.6,zh,1,jazz_pop,"""{""""evening_city_walk"""":0.8,""""weekend_slow"""":0.75,""""afternoon_warm_idle"""":0.7}""",slow_opening,0.85,方大同现场版温暖声线搭配爵士刷弦与弦乐，怀旧而充满希望，能量适中
First Encounters,The Ninth Wave,dreamy;restrained;unresolved,cold_synth;reverb_heavy;vocal_breath;electric_distant,,0.35,0.4,0.45,0.3,0.3,0.5,0.65,en,1,dream_pop,"""{""""evening_city_walk"""":0.8,""""deep_night_introspective"""":0.75,""""work_focus_low_vocal"""":0.7}""",city_to_inner_room,0.85,冷调合成器与深远混响营造梦幻而克制的氛围，人声若即若离，情绪悬而未决
One Hand Clapping,Lamb,restless;unresolved;melancholic,electric_distant;reverb_heavy;cold_synth;vocal_breath,,0.45,0.35,0.55,0.3,0.5,0.6,0.7,en,1,trip_hop,"""{""""evening_city_walk"""":0.8,""""deep_night_introspective"""":0.75,""""night_rain_humid"""":0.7}""",city_to_inner_room,0.85,冷调电子节拍与疏离人声交织，Trip-Hop 标志性的不安与悬而未决的情绪
Psychic Colours,Die Form,dreamy;sensual;restrained,cold_synth;ambient_pad;reverb_heavy;electric_distant,,0.35,0.3,0.4,0.3,0.3,0,0.6,instrumental,0,dark_ambient,"""{""""deep_night_introspective"""":0.85,""""night_clear_lonely"""":0.8,""""work_focus_low_vocal"""":0.7}""",fade_into_inner_space,0.85,冷调合成器与深远混响营造出梦幻而克制的黑暗氛围，适合深夜内省
Dr.Jolin - Play World Tour Live,JOLIN蔡依林,urban;restless;hopeful,electric_distant;soft_synth;vocal_breath,,0.7,0.6,0.65,0.55,0.7,0.8,0.5,zh,1,mandopop,"""{""""evening_city_walk"""":0.8,""""user_requested_explore"""":0.75,""""weekend_slow"""":0.65}""",city_to_inner_room,0.85,蔡依林现场版，都市感电子编曲与活力人声，能量较高但保持流行质感
Cfu,Electric Litany,introspective;melancholic;restrained,ambient_pad;cold_synth;minimal,,0.2,0.25,0.2,0.3,0.1,0,0.7,instrumental,0,ambient,"""{""""work_focus_low_vocal"""":0.85,""""deep_night_introspective"""":0.8,""""night_rain_humid"""":0.75}""",fade_into_inner_space,0.85,冷调氛围合成器铺底，极简结构，内省而克制，适合深度专注或深夜独处
Dodovoodoo,Elephant9,restless;urban;unresolved,electric_distant;jazz_brush;reverb_heavy,,0.65,0.5,0.7,0.4,0.7,0,0.6,instrumental,0,jazz_rock,"""{""""evening_city_walk"""":0.8,""""deep_night_introspective"""":0.7,""""work_focus_low_vocal"""":0.6}""",city_to_inner_room,0.85,Elephant9 的器乐爵士摇滚，电吉他失真与鼓的律动带来都市不安感，混响厚重
Mother (feat. Mark de Clive-Lowe),Dwight Trible,warm;nostalgic;hopeful,acoustic;jazz_brush;vocal_breath;string,,0.35,0.5,0.4,0.7,0.3,0.75,0.65,en,1,jazz,"""{""""morning_clear_light"""":0.8,""""afternoon_warm_idle"""":0.75,""""weekend_slow"""":0.7}""",slow_opening,0.85,温暖的爵士人声与木吉他、弦乐交织，充满怀旧与希望的情感
Pink Moon,Carl Broemel,introspective;melancholic;restrained,acoustic;minimal;vocal_breath,,0.25,0.35,0.3,0.4,0.2,0.5,0.7,en,1,folk,"""{""""deep_night_introspective"""":0.85,""""night_clear_lonely"""":0.8,""""work_focus_low_vocal"""":0.75}""",slow_opening,0.85,原声吉他与人声的极简编排，克制而内省，带有淡淡的忧郁
Carl Sagan,Night Moves,dreamy;nostalgic;restrained,soft_synth;reverb_heavy;vocal_breath;electric_distant,,0.35,0.4,0.45,0.5,0.3,0.6,0.65,en,1,indie_rock,"""{""""evening_city_walk"""":0.8,""""deep_night_introspective"""":0.75,""""work_focus_low_vocal"""":0.7}""",city_to_inner_room,0.85,梦幻合成器与深远混响营造出怀旧而克制的都市夜晚氛围，人声轻柔如耳语
The Forbidden City,Antti Martikainen,introspective;melancholic;restrained,cinematic;string;piano;minimal,,0.2,0.3,0.4,0.35,0.1,0,0.8,instrumental,0,modern_classical,"""{""""work_focus_low_vocal"""":0.85,""""deep_night_introspective"""":0.8,""""night_rain_humid"""":0.75}""",slow_opening,0.85,史诗般的管弦乐与钢琴，营造出内省而克制的氛围，带有淡淡的忧郁
抱きしめて feat.童子-T,BENI,warm;nostalgic;sensual,soft_synth;vocal_breath;acoustic,,0.45,0.5,0.5,0.7,0.4,0.75,0.6,ja,1,j_pop,"""{""""evening_city_walk"""":0.8,""""weekend_slow"""":0.75,""""night_clear_lonely"""":0.7}""",city_to_inner_room,0.85,BENI温暖柔和的声线与童子-T的说唱交织，营造出怀旧而亲密的都市氛围
( . )_( . ),Bjarki,restless;unresolved;melancholic,cold_synth;electric_distant;reverb_heavy;minimal,,0.4,0.3,0.5,0.2,0.35,0,0.7,instrumental,0,techno,"""{""""deep_night_introspective"""":0.8,""""night_rain_humid"""":0.7,""""evening_city_walk"""":0.65}""",fade_into_inner_space,0.85,冰冷合成器与深远混响营造出不安而悬疑的电子氛围，适合深夜内省场景
Salme,Bremer/McCoy,introspective;melancholic;restrained,piano;minimal;acoustic;reverb_heavy,,0.2,0.3,0.25,0.45,0.15,0,0.75,instrumental,0,modern_classical,"""{""""work_focus_low_vocal"""":0.85,""""deep_night_introspective"""":0.8,""""night_rain_humid"""":0.75}""",slow_opening,0.9,极简钢琴与木吉他交织，缓慢而内省，带有北欧式的冷冽与温暖并存
Tears of a Million Stars,Peter Lai,melancholic;nostalgic;bittersweet,piano;string;cinematic;reverb_heavy,,0.25,0.3,0.35,0.4,0.2,0,0.8,instrumental,0,modern_classical,"""{""""deep_night_introspective"""":0.9,""""night_rain_humid"""":0.85,""""work_focus_low_vocal"""":0.8}""",afterglow_fading,0.85,钢琴与弦乐交织的伤感旋律，混响深远，充满怀旧与苦涩的情感重量
My Kink Is Karma,Chappell Roan,restless;urban;bittersweet,soft_synth;electric_distant;vocal_breath,,0.65,0.55,0.6,0.4,0.6,0.75,0.6,en,1,art_pop,"""{""""evening_city_walk"""":0.8,""""deep_night_introspective"""":0.7,""""user_requested_explore"""":0.75}""",city_to_inner_room,0.85,合成器驱动的流行曲，带有都市不安与苦涩的自我认知，人声突出且富有表现力
夏夜晚风,deca joins,urban;nostalgic;bittersweet,electric_distant;reverb_heavy;soft_synth;vocal_breath,,0.35,0.4,0.45,0.55,0.3,0.6,0.65,zh,1,indie_rock,"""{""""evening_city_walk"""":0.85,""""night_clear_lonely"""":0.8,""""deep_night_introspective"""":0.75}""",city_to_inner_room,0.9,慵懒的吉他音色与模糊人声，营造出夏夜都市的怀旧与淡淡忧伤
Long Time Coming,Kalyn Fay,introspective;melancholic;bittersweet,acoustic;vocal_breath;string,,0.35,0.4,0.4,0.55,0.3,0.6,0.7,en,1,folk,"""{""""deep_night_introspective"""":0.8,""""evening_city_walk"""":0.75,""""work_focus_low_vocal"""":0.7}""",slow_opening,0.85,木吉他与人声交织，内省而略带忧伤的民谣质感，适合安静聆听
Tokyo ’96,Makoto,nostalgic;urban;hopeful,soft_synth;electric_distant;reverb_heavy,,0.45,0.5,0.5,0.5,0.45,0,0.5,instrumental,0,liquid_funk,"""{""""evening_city_walk"""":0.85,""""deep_night_introspective"""":0.8,""""work_focus_low_vocal"""":0.75}""",city_to_inner_room,0.85,Makoto 标志性的液态放克风格，软合成器与深远混响营造出 90 年代东京的怀旧都市氛围
(10),Holy Holy,dreamy;misty;restrained,ambient_pad;soft_synth;reverb_heavy;minimal,,0.2,0.3,0.25,0.4,0.15,0,0.6,instrumental,0,ambient,"""{""""work_focus_low_vocal"""":0.85,""""deep_night_introspective"""":0.8,""""morning_cloudy_slow"""":0.75}""",soft_focus_work,0.85,梦幻氛围电子，软合成器与深远混响营造出朦胧而克制的声景
Kora,GoGo Penguin,restless;urban;introspective,piano;acoustic;cinematic;minimal,,0.45,0.5,0.55,0.4,0.5,0,0.6,instrumental,0,modern_jazz,"""{""""evening_city_walk"""":0.85,""""work_focus_low_vocal"""":0.8,""""deep_night_introspective"""":0.75}""",city_to_inner_room,0.9,钢琴与爵士鼓的现代融合，节奏驱动下的都市内省感
River of Crystals,伊藤君子,dreamy;melancholic;bittersweet,piano;string;vocal_breath;reverb_heavy,,0.25,0.3,0.35,0.4,0.2,0.6,0.75,en,1,jazz,"""{""""deep_night_introspective"""":0.85,""""night_rain_humid"""":0.8,""""evening_city_walk"""":0.75}""",fade_into_inner_space,0.9,伊藤君子空灵的人声与钢琴弦乐交织，营造出梦幻而忧伤的深夜氛围
夢のDancing (Album Ver.),Jelly BonBon,dreamy;nostalgic;bittersweet,soft_synth;reverb_heavy;vocal_breath;electric_distant,,0.45,0.5,0.5,0.55,0.4,0.6,0.6,ja,1,synthpop,"""{""""evening_city_walk"""":0.8,""""deep_night_introspective"""":0.75,""""night_clear_lonely"""":0.7}""",city_to_inner_room,0.85,梦幻合成器与深远混响，人声轻柔，带有怀旧与淡淡的苦涩，适合夜晚都市漫步或内省场景
"""Nocturne No. 2 in E-Flat Major, Op. 9 No. 2""",Frédéric Chopin,melancholic;nostalgic;restrained,piano;cinematic;minimal,,0.15,0.4,0.2,0.5,0.2,0,0.8,instrumental,0,classical,"""{""""deep_night_introspective"""":0.9,""""night_rain_humid"""":0.85,""""work_focus_low_vocal"""":0.8}""",slow_opening,0.95,肖邦经典夜曲，钢琴独奏旋律优美而克制，充满怀旧与内省的情感重量
山海之歌,吳金黛,nostalgic;warm;bittersweet,acoustic;string;field_recording;cinematic,,0.3,0.5,0.4,0.7,0.2,0,0.6,instrumental,0,new_age,"""{""""morning_clear_light"""":0.85,""""afternoon_warm_idle"""":0.8,""""evening_city_walk"""":0.7}""",slow_opening,0.85,自然声景与弦乐交织，怀旧而温暖，带有淡淡的乡愁与宁静
Vals I Vallonien,Hvalfugl,introspective;melancholic;restrained,piano;minimal;reverb_heavy,,0.15,0.3,0.2,0.35,0.1,0,0.8,instrumental,0,modern_classical,"""{""""work_focus_low_vocal"""":0.85,""""deep_night_introspective"""":0.9,""""night_rain_humid"""":0.75}""",afterglow_fading,0.9,极简钢琴独奏，缓慢而空旷，充满内省与忧郁的北欧氛围
"""Merry Christmas Mr. Lawrence Main Theme (From """"Merry Christmas Mr. Lawrence"""")""",坂本龍一 / Brussels Philharmonic,introspective;melancholic;restrained,piano;string;cinematic;minimal,,0.1,0.3,0.2,0.35,0.1,0,0.85,instrumental,0,modern_classical,"""{""""work_focus_low_vocal"""":0.9,""""deep_night_introspective"""":0.85,""""night_rain_humid"""":0.8}""",slow_opening,0.95,管弦乐版极简钢琴主题，弦乐铺底增强庄严感，情绪克制而深邃
Light Pollution,Husmo HAV,urban;melancholic;detached,cold_synth;reverb_heavy;electric_distant;field_recording,,0.35,0.3,0.4,0.25,0.3,0,0.6,instrumental,0,ambient,"""{""""evening_city_walk"""":0.85,""""deep_night_introspective"""":0.8,""""night_clear_lonely"""":0.75}""",city_to_inner_room,0.85,冷调合成器与深远混响营造出都市夜晚的疏离感，如同被光污染笼罩的孤独
Ylang Ylang,FKJ / ((( O ))),dreamy;warm;sensual,soft_synth;ambient_pad;acoustic;field_recording,,0.35,0.5,0.4,0.7,0.3,0,0.5,instrumental,0,lo_fi,"""{""""morning_cloudy_slow"""":0.85,""""afternoon_warm_idle"""":0.8,""""evening_city_walk"""":0.75}""",soft_focus_work,0.9,温暖慵懒的 lo-fi 氛围，软合成器与木吉他交织，带有田野录音的自然感
Remember,Étienne Daho,nostalgic;warm;bittersweet,soft_synth;vocal_breath;reverb_heavy,,0.45,0.5,0.5,0.6,0.4,0.7,0.65,en,1,synthpop,"""{""""evening_city_walk"""":0.8,""""deep_night_introspective"""":0.75,""""work_focus_low_vocal"""":0.7}""",city_to_inner_room,0.85,Étienne Daho 的复古合成器与温暖人声，营造出怀旧而略带苦涩的都市夜晚氛围
24 Hours,SUNMI,urban;restless;bittersweet,soft_synth;cold_synth;vocal_breath;electric_distant,,0.6,0.5,0.6,0.4,0.65,0.75,0.65,ko,1,k_pop,"""{""""evening_city_walk"""":0.85,""""deep_night_introspective"""":0.8,""""night_clear_lonely"""":0.75}""",city_to_inner_room,0.9,宣美的都市感流行曲，合成器与冷调人声交织出不安与怀旧的情绪
夏日绿荫,Pianoboy,warm;nostalgic;hopeful,piano;acoustic;minimal,,0.3,0.6,0.3,0.7,0.2,0,0.5,instrumental,0,modern_classical,"""{""""morning_clear_light"""":0.85,""""afternoon_warm_idle"""":0.8,""""weekend_slow"""":0.75}""",slow_opening,0.85,钢琴独奏，旋律明亮温暖，带有夏日午后的怀旧与宁静感
Cigarettes,Russian Red,melancholic;lonely;bittersweet,acoustic;vocal_breath;reverb_heavy,,0.25,0.35,0.3,0.4,0.2,0.6,0.7,en,1,indie_folk,"""{""""night_clear_lonely"""":0.85,""""deep_night_introspective"""":0.8,""""evening_city_walk"""":0.7}""",afterglow_fading,0.85,木吉他与人声交织出孤独而怀旧的氛围，混响营造出空旷感，适合夜晚独处
Take Hold Of Me,Ane Brun,warm;hopeful;bittersweet,acoustic;vocal_breath;string;reverb_heavy,,0.35,0.5,0.4,0.7,0.3,0.7,0.6,en,1,indie_folk,"""{""""morning_clear_light"""":0.8,""""evening_city_walk"""":0.75,""""weekend_slow"""":0.7}""",slow_opening,0.85,Ane Brun 温暖而略带沙哑的人声搭配木吉他与弦乐，营造出怀旧中带着希望的柔和氛围
Urmannen,Prins Thomas,dreamy;urban;restrained,soft_synth;cold_synth;reverb_heavy;electric_distant,,0.4,0.45,0.5,0.4,0.5,0,0.45,instrumental,0,electronic,"""{""""evening_city_walk"""":0.85,""""deep_night_introspective"""":0.8,""""work_focus_low_vocal"""":0.75}""",city_to_inner_room,0.85,Prins Thomas 的电子作品，冷调合成器与深远混响营造出都市夜晚的梦幻与克制感
Boys - Acoustic,Charli xcx,introspective;warm;bittersweet,acoustic;piano;vocal_breath;minimal,,0.3,0.5,0.35,0.6,0.25,0.7,0.55,en,1,acoustic_pop,"""{""""morning_cloudy_slow"""":0.8,""""work_focus_low_vocal"""":0.75,""""weekend_slow"""":0.7}""",slow_opening,0.85,原声吉他版，剥离电子元素后更显温暖内省，人声呼吸感突出
The Secret of The Golden Bricks,方大同,warm;nostalgic;hopeful,acoustic;soft_synth;vocal_breath,,0.45,0.55,0.5,0.65,0.4,0.6,0.55,zh,1,mandopop,"""{""""evening_city_walk"""":0.8,""""morning_clear_light"""":0.7,""""weekend_slow"""":0.75}""",slow_opening,0.85,方大同温暖的嗓音与木吉他、软合成器交织，营造怀旧而充满希望的都市抒情氛围
Åben Bog,Bremer/McCoy,introspective;melancholic;restrained,piano;minimal;ambient_pad,,0.15,0.3,0.2,0.4,0.1,0,0.8,instrumental,0,modern_classical,"""{""""work_focus_low_vocal"""":0.85,""""deep_night_introspective"""":0.9,""""night_rain_humid"""":0.75}""",slow_opening,0.9,极简钢琴与氛围铺垫，缓慢而内省，充满北欧式的冷寂与沉思
Sainz de la Maza: La frontera de Dios: V. Sacrificio,Regino Sáinz de la Maza,introspective;melancholic;restrained,acoustic;minimal;cinematic,,0.15,0.3,0.2,0.35,0.1,0,0.8,instrumental,0,classical,"""{""""work_focus_low_vocal"""":0.85,""""deep_night_introspective"""":0.8,""""night_rain_humid"""":0.75}""",slow_opening,0.9,古典吉他独奏，深沉内省，旋律克制而充满宗教般的肃穆感
